timestamp,ECG,GSR,respiration,temperature
0.00,94.90,10.52,14.18,36.34
0.01,86.22,10.42,15.90,36.34
0.02,86.11,9.24,15.26,36.33
0.03,87.24,10.11,15.91,36.61
0.04,87.50,12.16,16.16,36.47
0.05,72.20,12.30,17.44,36.34
0.06,71.99,11.00,17.88,36.56
0.07,68.54,12.43,17.68,36.62
0.08,72.11,9.31,18.67,36.69
0.09,74.99,10.75,19.16,36.69
0.10,74.64,10.79,18.39,36.66
0.11,68.25,9.93,19.72,36.35
0.12,66.55,10.75,19.61,36.31
0.13,72.72,10.55,20.59,36.58
0.14,69.04,10.40,20.47,36.61
0.15,67.23,9.34,20.99,36.34
0.16,71.23,9.51,19.58,36.64
0.17,66.40,11.68,19.96,36.34
0.18,68.72,10.52,20.05,36.66
0.19,66.06,10.94,20.71,36.67
0.20,72.46,10.03,18.94,36.38
0.21,65.85,11.46,18.48,36.63
0.22,72.84,9.85,18.88,36.49
0.23,69.93,12.73,18.79,36.56
0.24,73.06,11.21,19.20,36.59
0.25,74.94,11.09,18.34,36.44
0.26,66.60,12.71,18.03,36.42
0.27,73.91,11.23,16.79,36.43
0.28,74.28,12.78,17.51,36.34
0.29,70.97,10.84,16.72,36.50
0.30,70.64,10.33,15.44,36.50
0.31,70.98,11.81,15.15,36.32
0.32,68.72,12.83,15.40,36.56
0.33,73.78,10.45,13.89,36.67
0.34,68.18,10.95,13.71,36.55
0.35,72.05,10.56,12.67,36.37
0.36,66.86,12.01,12.15,36.44
0.37,67.23,11.57,12.42,36.38
0.38,69.48,12.48,11.47,36.60
0.39,72.39,11.75,11.23,36.55
0.40,66.40,10.65,10.27,36.65
0.41,67.71,10.16,11.67,36.33
0.42,74.25,10.71,10.63,36.44
0.43,67.02,11.18,10.27,36.55
0.44,73.33,12.54,9.62,36.42
0.45,66.80,12.42,9.41,36.39
0.46,71.15,11.94,9.50,36.42
0.47,67.37,10.32,9.74,36.48
0.48,72.83,12.87,9.88,36.64
0.49,74.92,10.34,9.35,36.38
0.50,66.83,11.00,10.98,36.63
0.51,70.15,9.69,9.83,36.35
0.52,72.79,9.97,9.87,36.41
0.53,68.61,12.23,10.03,36.33
0.54,66.15,12.36,12.02,36.38
0.55,71.01,10.14,11.52,36.69
0.56,65.49,11.11,12.46,36.61
0.57,65.04,10.37,12.99,36.67
0.58,70.52,9.42,13.18,36.53
0.59,67.82,10.47,13.94,36.60
0.60,90.13,9.35,13.43,36.46
0.61,89.78,9.61,14.62,36.59
0.62,88.93,11.16,15.30,36.48
0.63,88.46,9.63,15.03,36.34
0.64,92.97,12.85,15.35,36.46
0.65,65.89,12.97,16.26,36.68
0.66,69.94,9.97,15.94,36.41
0.67,74.55,10.47,16.13,36.38
0.68,69.72,12.19,17.72,36.30
0.69,70.28,11.69,18.85,36.63
0.70,73.72,9.50,17.51,36.62
0.71,69.96,12.68,18.88,36.32
0.72,66.12,9.16,18.83,36.43
0.73,73.67,11.15,19.34,36.39
0.74,74.04,9.61,19.17,36.51
0.75,73.26,9.51,20.42,36.44
0.76,70.93,9.13,19.42,36.32
0.77,74.05,11.81,19.21,36.35
0.78,67.93,12.97,20.81,36.46
0.79,66.36,11.80,20.47,36.32
0.80,68.12,9.46,20.16,36.40
0.81,72.48,12.83,19.32,36.38
0.82,70.94,11.60,19.34,36.68
0.83,71.54,12.82,19.97,36.45
0.84,68.35,11.59,19.16,36.45
0.85,67.26,12.50,19.27,36.53
0.86,71.61,12.27,18.72,36.54
0.87,66.31,9.74,19.02,36.32
0.88,73.85,12.95,17.69,36.32
0.89,65.42,10.56,16.83,36.49
0.90,65.86,10.69,17.07,36.50
0.91,65.23,12.06,15.94,36.56
0.92,68.39,12.73,15.63,36.48
0.93,68.80,10.65,15.84,36.35
0.94,72.00,9.88,15.24,36.45
0.95,66.38,12.67,15.44,36.67
0.96,65.44,9.94,14.70,36.61
0.97,70.23,9.70,13.73,36.45
0.98,74.04,9.21,13.82,36.40
0.99,73.47,9.51,13.43,36.36
1.00,70.01,11.58,11.51,36.52
1.01,67.68,11.11,11.31,36.48
1.02,71.94,10.00,11.94,36.45
1.03,67.08,9.33,10.89,36.40
1.04,72.53,10.51,11.21,36.56
1.05,66.46,10.04,9.83,36.69
1.06,68.05,9.02,9.66,36.69
1.07,71.12,11.55,10.18,36.37
1.08,73.22,12.49,9.90,36.37
1.09,65.19,12.55,10.25,36.31
1.10,74.33,12.43,9.16,36.48
1.11,73.69,12.21,9.96,36.44
1.12,70.41,11.16,10.53,36.63
1.13,72.78,12.27,9.30,36.65
1.14,69.92,10.00,9.92,36.58
1.15,67.97,11.48,11.03,36.40
1.16,67.21,11.99,10.14,36.61
1.17,66.08,9.54,11.47,36.40
1.18,67.86,10.89,11.35,36.33
1.19,74.40,11.82,12.62,36.50
1.20,89.60,9.51,11.50,36.62
1.21,90.63,11.71,12.98,36.59
1.22,87.79,9.64,13.06,36.57
1.23,87.29,11.14,14.23,36.54
1.24,85.86,9.07,14.54,36.42
1.25,74.12,9.82,14.85,36.55
1.26,73.06,9.74,14.17,36.69
1.27,69.93,12.87,15.63,36.58
1.28,65.18,12.49,16.96,36.41
1.29,70.91,11.08,17.44,36.33
1.30,67.72,9.69,16.87,36.56
1.31,71.23,10.82,17.93,36.31
1.32,73.04,10.73,17.32,36.63
1.33,71.26,9.98,18.30,36.64
1.34,71.07,11.85,18.30,36.67
1.35,72.88,10.26,18.74,36.59
1.36,70.17,9.28,19.24,36.46
1.37,67.50,9.67,20.21,36.55
1.38,74.75,9.46,19.22,36.59
1.39,74.91,9.06,20.38,36.46
1.40,71.42,12.53,19.06,36.42
1.41,67.86,12.81,19.27,36.51
1.42,69.49,10.91,20.39,36.45
1.43,68.86,12.97,19.87,36.45
1.44,73.98,11.74,19.30,36.66
1.45,67.89,9.36,20.58,36.49
1.46,69.28,9.27,18.62,36.33
1.47,73.20,12.69,19.91,36.55
1.48,74.56,10.14,19.35,36.37
1.49,65.71,12.59,17.93,36.59
1.50,73.28,12.33,18.12,36.31
1.51,66.93,10.42,17.22,36.34
1.52,65.40,12.52,18.42,36.36
1.53,72.30,9.45,16.52,36.49
1.54,74.75,10.38,16.68,36.60
1.55,73.33,11.57,15.18,36.50
1.56,67.57,9.28,15.39,36.42
1.57,72.53,11.92,14.30,36.45
1.58,69.03,11.12,13.91,36.46
1.59,70.72,10.50,14.37,36.46
1.60,70.40,12.49,14.08,36.48
1.61,72.45,12.51,14.06,36.50
1.62,70.67,12.16,11.92,36.56
1.63,72.37,9.55,13.20,36.54
1.64,72.08,10.12,12.77,36.44
1.65,74.33,10.10,10.98,36.45
1.66,65.76,10.84,10.88,36.41
1.67,65.30,12.32,11.42,36.51
1.68,68.89,10.59,10.71,36.42
1.69,69.36,12.65,11.06,36.41
1.70,74.36,10.82,11.19,36.63
1.71,70.42,10.67,10.40,36.31
1.72,70.53,9.68,9.91,36.43
1.73,70.52,12.32,10.67,36.60
1.74,67.44,10.64,9.77,36.58
1.75,66.40,11.63,10.54,36.43
1.76,68.57,9.50,10.35,36.59
1.77,66.04,11.86,10.07,36.68
1.78,70.29,12.81,11.30,36.61
1.79,69.14,12.46,10.78,36.42
1.80,85.08,12.26,10.69,36.36
1.81,88.31,12.08,11.03,36.33
1.82,85.76,10.55,12.73,36.44
1.83,92.58,9.88,12.02,36.37
1.84,85.41,9.60,12.21,36.44
1.85,67.72,11.73,14.19,36.30
1.86,70.55,11.68,14.49,36.39
1.87,72.93,10.67,14.39,36.69
1.88,70.51,12.57,13.83,36.59
1.89,70.98,9.06,14.55,36.58
1.90,73.79,12.58,15.37,36.54
1.91,71.57,10.86,15.66,36.48
1.92,66.65,12.44,16.33,36.40
1.93,72.16,9.63,18.02,36.31
1.94,69.90,12.93,16.76,36.66
1.95,74.57,10.22,17.99,36.56
1.96,73.86,11.49,18.29,36.47
1.97,73.45,10.06,17.76,36.48
1.98,71.23,11.53,18.09,36.61
1.99,65.73,11.33,20.01,36.48
2.00,73.53,9.10,20.12,36.61
2.01,72.74,12.34,20.40,36.65
2.02,69.55,10.00,19.72,36.68
2.03,70.19,9.67,20.85,36.61
2.04,68.66,10.59,19.51,36.70
2.05,74.55,11.58,19.61,36.34
2.06,65.26,9.71,20.18,36.60
2.07,65.31,9.10,20.26,36.46
2.08,72.64,9.94,20.25,36.31
2.09,72.62,12.11,18.73,36.55
2.10,65.69,12.43,19.09,36.62
2.11,66.41,9.22,18.43,36.38
2.12,72.90,11.65,18.62,36.46
2.13,71.29,11.10,19.13,36.58
2.14,67.57,10.17,16.99,36.47
2.15,65.81,11.12,18.18,36.62
2.16,65.43,11.79,16.05,36.42
2.17,68.12,12.70,16.87,36.42
2.18,70.44,12.84,15.33,36.33
2.19,71.59,10.95,15.35,36.43
2.20,72.74,10.65,14.14,36.33
2.21,72.20,9.51,13.98,36.43
2.22,71.21,10.95,13.75,36.58
2.23,68.88,10.36,13.03,36.66
2.24,72.20,11.39,13.25,36.35
2.25,66.30,11.71,12.36,36.62
2.26,74.75,9.60,11.81,36.60
2.27,71.00,11.12,10.85,36.43
2.28,73.18,9.25,11.39,36.43
2.29,68.03,10.42,11.36,36.59
2.30,67.70,10.26,10.75,36.40
2.31,74.13,10.93,10.52,36.63
2.32,73.76,12.19,9.68,36.62
2.33,68.25,12.59,9.71,36.61
2.34,74.64,10.24,10.67,36.69
2.35,70.54,11.80,9.53,36.54
2.36,71.51,12.10,9.08,36.30
2.37,65.89,9.56,9.53,36.56
2.38,71.44,12.13,10.42,36.65
2.39,66.91,11.38,10.95,36.48
2.40,88.28,9.60,11.18,36.64
2.41,91.81,10.29,10.45,36.70
2.42,87.30,9.24,11.56,36.51
2.43,87.71,9.92,11.78,36.51
2.44,90.55,9.82,11.47,36.61
2.45,72.61,12.12,11.55,36.41
2.46,69.39,9.28,11.95,36.51
2.47,65.86,9.68,11.93,36.53
2.48,71.13,9.04,12.60,36.52
2.49,66.53,9.40,13.06,36.36
2.50,70.06,9.09,14.12,36.59
2.51,70.98,9.96,14.32,36.66
2.52,71.05,12.89,15.12,36.53
2.53,74.59,12.95,15.16,36.46
2.54,74.99,10.10,16.94,36.47
2.55,74.83,9.96,17.73,36.51
2.56,72.25,12.91,17.80,36.59
2.57,68.30,9.35,18.37,36.58
2.58,71.53,9.35,17.76,36.39
2.59,75.00,9.45,18.88,36.49
2.60,72.40,9.36,19.38,36.69
2.61,73.37,12.71,18.34,36.58
2.62,66.72,9.75,19.89,36.64
2.63,73.68,10.26,19.41,36.47
2.64,67.18,11.52,19.10,36.54
2.65,70.53,10.43,19.30,36.40
2.66,74.38,10.37,20.68,36.64
2.67,69.49,10.22,20.64,36.64
2.68,70.40,12.87,19.88,36.58
2.69,66.11,11.07,20.90,36.65
2.70,74.26,11.47,20.46,36.50
2.71,69.80,11.25,19.61,36.58
2.72,69.96,10.31,20.32,36.54
2.73,68.33,9.78,19.54,36.49
2.74,71.08,9.63,18.18,36.32
2.75,74.54,11.73,18.13,36.55
2.76,70.30,9.34,17.86,36.52
2.77,66.74,11.23,18.25,36.51
2.78,67.32,9.43,16.38,36.43
2.79,65.89,9.98,16.66,36.48
2.80,73.80,11.00,17.06,36.49
2.81,74.68,9.71,16.69,36.70
2.82,69.22,11.86,15.59,36.52
2.83,67.66,12.71,14.30,36.52
2.84,69.99,12.33,13.93,36.43
2.85,73.99,12.91,13.07,36.39
2.86,70.45,12.66,13.66,36.53
2.87,66.63,10.47,12.90,36.33
2.88,65.34,10.82,13.26,36.66
2.89,65.52,9.79,13.05,36.51
2.90,71.48,9.54,10.95,36.45
2.91,74.20,11.02,11.61,36.51
2.92,69.33,11.04,10.49,36.58
2.93,70.87,11.76,10.55,36.43
2.94,66.70,11.12,10.29,36.62
2.95,67.66,9.75,9.36,36.30
2.96,70.51,11.55,9.78,36.58
2.97,66.23,11.66,9.24,36.41
2.98,65.65,9.61,10.78,36.48
2.99,65.16,10.15,10.20,36.42
3.00,89.00,12.34,10.74,36.70
3.01,90.27,14.43,10.39,36.53
3.02,93.40,14.70,10.95,36.59
3.03,90.88,14.57,11.38,36.51
3.04,88.00,14.39,11.40,36.68
3.05,67.92,14.28,11.22,36.31
3.06,74.77,15.43,10.92,36.44
3.07,68.01,16.73,12.26,36.47
3.08,67.44,15.55,12.31,36.52
3.09,73.65,15.69,12.14,36.57
3.10,74.52,15.75,13.38,36.52
3.11,69.04,15.58,13.33,36.65
3.12,73.17,15.68,13.90,36.48
3.13,74.40,14.53,15.00,36.52
3.14,67.94,14.87,15.30,36.43
3.15,72.61,14.90,14.77,36.52
3.16,74.36,17.18,16.66,36.52
3.17,69.39,14.79,16.32,36.48
3.18,65.62,16.27,17.39,36.65
3.19,69.99,16.05,18.12,36.30
3.20,66.41,14.19,17.56,36.56
3.21,67.10,17.60,17.31,36.43
3.22,72.13,14.12,17.59,36.49
3.23,73.40,14.44,18.15,36.61
3.24,72.88,14.91,19.23,36.49
3.25,72.50,15.74,20.05,36.44
3.26,65.43,17.74,19.42,36.70
3.27,67.32,14.21,18.98,36.32
3.28,68.87,17.43,20.21,36.37
3.29,72.13,14.90,20.28,36.44
3.30,74.63,14.49,19.16,36.47
3.31,72.08,17.80,19.83,36.40
3.32,70.98,14.03,20.33,36.51
3.33,70.72,15.53,18.97,36.58
3.34,65.39,15.59,19.61,36.47
3.35,72.10,16.92,19.03,36.62
3.36,74.92,17.81,18.43,36.56
3.37,73.12,16.27,18.36,36.38
3.38,66.80,17.96,18.58,36.52
3.39,67.93,14.56,18.15,36.47
3.40,68.97,16.26,18.14,36.64
3.41,67.45,15.37,18.13,36.53
3.42,74.27,15.63,16.27,36.45
3.43,70.61,15.50,16.38,36.62
3.44,69.18,16.53,16.58,36.43
3.45,73.30,15.98,14.91,36.32
3.46,73.68,14.63,14.54,36.41
3.47,71.96,16.86,14.16,36.61
3.48,72.43,16.18,14.44,36.69
3.49,68.14,14.99,14.08,36.38
3.50,65.79,14.59,12.04,36.56
3.51,73.28,17.49,12.85,36.38
3.52,72.25,17.24,12.60,36.48
3.53,71.15,17.26,12.30,36.64
3.54,71.59,16.57,11.24,36.36
3.55,68.27,17.17,10.87,36.48
3.56,67.03,15.83,10.51,36.45
3.57,72.50,14.23,11.27,36.52
3.58,73.91,16.29,10.31,36.53
3.59,67.99,17.46,10.83,36.63
3.60,85.98,15.20,9.24,36.43
3.61,89.77,14.89,9.95,36.33
3.62,92.52,17.21,9.81,36.30
3.63,92.78,15.57,10.23,36.62
3.64,91.84,16.06,10.23,36.33
3.65,74.69,14.91,11.04,36.33
3.66,73.49,14.40,10.17,36.43
3.67,71.12,15.33,10.97,36.33
3.68,72.53,15.77,10.94,36.67
3.69,66.11,17.23,11.43,36.38
3.70,68.51,14.83,12.71,36.48
3.71,71.36,14.52,12.62,36.47
3.72,71.68,15.17,12.30,36.62
3.73,74.43,17.41,12.33,36.58
3.74,66.13,15.67,14.05,36.51
3.75,69.32,14.83,13.50,36.47
3.76,68.55,16.80,13.95,36.44
3.77,68.39,16.94,15.83,36.62
3.78,66.85,15.96,15.10,36.56
3.79,66.62,14.31,15.86,36.65
3.80,71.66,16.20,17.37,36.57
3.81,70.69,17.53,17.14,36.48
3.82,68.66,14.17,16.73,36.64
3.83,66.41,14.57,18.12,36.48
3.84,67.45,15.83,18.09,36.49
3.85,66.36,15.71,18.71,36.36
3.86,67.81,14.88,19.23,36.44
3.87,72.03,15.61,19.84,36.31
3.88,66.19,17.32,19.58,36.58
3.89,67.57,15.10,20.62,36.69
3.90,68.62,16.68,19.07,36.69
3.91,66.09,14.38,20.53,36.34
3.92,73.04,15.71,20.92,36.40
3.93,65.47,16.26,19.46,36.38
3.94,72.49,15.81,19.57,36.46
3.95,73.34,17.20,19.68,36.56
3.96,67.87,17.00,18.81,36.42
3.97,65.13,14.90,18.77,36.34
3.98,65.27,16.90,18.96,36.46
3.99,65.30,17.99,19.57,36.57
4.00,68.20,9.85,18.64,36.59
4.01,67.67,10.32,18.95,36.48
4.02,67.27,9.34,18.38,36.52
4.03,69.42,9.11,18.15,36.56
4.04,72.04,10.57,16.16,36.55
4.05,69.48,12.29,17.46,36.32
4.06,72.59,9.61,15.38,36.59
4.07,66.59,10.79,14.74,36.39
4.08,68.52,10.96,15.72,36.44
4.09,69.29,10.74,13.77,36.55
4.10,67.74,10.71,13.64,36.62
4.11,69.62,9.18,13.83,36.37
4.12,71.66,10.75,13.58,36.56
4.13,65.87,10.11,13.60,36.64
4.14,68.14,11.86,12.46,36.44
4.15,72.35,10.84,11.33,36.35
4.16,73.19,11.14,11.99,36.45
4.17,68.94,9.53,11.81,36.57
4.18,65.62,11.59,10.23,36.57
4.19,68.22,10.47,10.48,36.55
4.20,85.67,11.87,11.06,36.39
4.21,88.70,11.62,10.00,36.49
4.22,86.17,9.11,10.89,36.56
4.23,88.24,9.97,10.88,36.31
4.24,93.33,12.34,9.83,36.31
4.25,69.02,9.37,9.27,36.66
4.26,73.28,12.72,9.40,36.62
4.27,69.80,12.49,11.16,36.42
4.28,71.67,11.04,10.34,36.66
4.29,70.62,12.22,11.23,36.60
4.30,69.67,9.65,10.40,36.41
4.31,71.37,10.27,11.26,36.58
4.32,65.68,10.70,11.43,36.51
4.33,69.24,11.24,12.14,36.63
4.34,66.12,9.75,12.25,36.55
4.35,70.29,11.05,12.04,36.68
4.36,65.85,12.88,12.15,36.54
4.37,69.19,12.31,14.55,36.60
4.38,66.89,11.15,14.97,36.67
4.39,68.31,12.85,14.74,36.51
4.40,66.05,10.47,15.86,36.52
4.41,67.10,10.24,15.00,36.59
4.42,71.43,9.90,16.32,36.45
4.43,65.83,11.29,15.79,36.43
4.44,66.61,10.53,17.87,36.53
4.45,67.94,9.64,16.97,36.54
4.46,66.14,10.49,17.77,36.57
4.47,65.53,10.13,19.14,36.47
4.48,67.34,11.88,19.51,36.52
4.49,66.03,11.44,19.23,36.68
4.50,66.62,9.86,19.28,36.40
4.51,69.56,12.82,20.25,36.44
4.52,69.47,9.22,18.83,36.36
4.53,71.99,12.29,18.98,36.56
4.54,70.37,10.29,18.99,36.36
4.55,72.02,10.93,19.31,36.39
4.56,73.94,9.25,19.80,36.63
4.57,67.44,12.16,19.84,36.42
4.58,66.35,11.78,20.82,36.67
4.59,74.89,12.52,19.90,36.48
4.60,74.75,9.21,18.90,36.61
4.61,71.25,9.68,18.54,36.48
4.62,67.84,11.90,19.46,36.56
4.63,73.33,11.12,19.33,36.61
4.64,73.85,10.65,18.26,36.53
4.65,68.50,11.24,17.78,36.35
4.66,70.66,12.83,16.66,36.38
4.67,66.80,9.23,16.80,36.35
4.68,66.87,10.87,16.24,36.36
4.69,73.18,12.97,16.55,36.40
4.70,68.99,11.40,15.86,36.48
4.71,74.52,9.38,14.30,36.41
4.72,73.64,9.45,15.41,36.40
4.73,74.85,12.34,13.98,36.46
4.74,74.94,12.78,14.34,36.55
4.75,67.24,11.75,12.91,36.55
4.76,73.95,10.02,12.19,36.54
4.77,66.52,11.80,11.66,36.68
4.78,71.46,12.59,11.79,36.42
4.79,65.35,12.29,10.61,36.68
4.80,94.08,11.35,10.97,36.62
4.81,91.66,9.07,11.19,36.54
4.82,92.65,10.66,9.88,36.48
4.83,90.97,10.56,10.84,36.55
4.84,94.77,12.04,9.24,36.60
4.85,65.67,9.79,9.92,36.57
4.86,71.32,10.85,10.03,36.57
4.87,69.35,10.02,9.74,36.35
4.88,67.20,10.52,10.49,36.69
4.89,67.41,10.94,10.19,36.62
4.90,67.74,9.55,9.83,36.32
4.91,72.42,9.14,9.65,36.61
4.92,73.55,9.92,10.52,36.41
4.93,68.29,11.57,11.29,36.40
4.94,74.89,9.81,11.52,36.49
4.95,66.23,11.84,11.10,36.60
4.96,71.95,11.14,10.98,36.41
4.97,66.35,12.60,13.04,36.63
4.98,67.49,11.34,13.10,36.38
4.99,68.35,9.65,13.50,36.44
5.00,68.21,10.32,13.71,36.63
5.01,69.47,11.76,13.24,36.67
5.02,65.82,9.23,14.49,36.34
5.03,72.54,9.55,14.98,36.48
5.04,66.75,11.17,15.46,36.37
5.05,72.43,10.96,15.86,36.55
5.06,65.17,9.65,17.14,36.38
5.07,69.82,9.50,16.64,36.53
5.08,65.68,10.45,18.27,36.68
5.09,71.58,9.73,17.10,36.51
5.10,67.35,12.88,18.33,36.31
5.11,67.09,11.25,18.37,36.42
5.12,65.75,11.87,19.08,36.60
5.13,65.18,11.91,19.57,36.58
5.14,66.16,10.78,18.76,36.32
5.15,67.66,12.12,20.72,36.31
5.16,72.87,12.01,19.57,36.40
5.17,72.75,11.12,20.74,36.63
5.18,74.60,12.93,19.93,36.62
5.19,66.34,11.43,20.36,36.62
5.20,66.70,12.37,19.16,36.59
5.21,69.43,11.63,18.94,36.62
5.22,65.06,11.75,18.74,36.38
5.23,67.99,9.04,18.98,36.58
5.24,68.01,10.07,19.29,36.35
5.25,70.01,9.58,19.61,36.58
5.26,70.89,10.26,19.16,36.38
5.27,66.20,9.40,17.77,36.39
5.28,67.28,12.15,17.34,36.65
5.29,65.60,10.36,17.49,36.60
5.30,74.63,10.88,16.94,36.55
5.31,74.62,11.43,16.76,36.61
5.32,71.91,11.00,15.44,36.68
5.33,74.20,12.37,16.08,36.61
5.34,74.88,11.99,15.50,36.53
5.35,73.55,11.29,15.28,36.49
5.36,68.26,10.25,13.30,36.35
5.37,66.73,9.18,14.39,36.70
5.38,70.15,10.74,13.96,36.52
5.39,71.30,9.99,12.57,36.46
5.40,94.09,11.46,12.82,36.33
5.41,85.93,10.61,11.75,36.52
5.42,90.42,11.80,11.69,36.47
5.43,94.52,10.10,11.91,36.34
5.44,89.01,9.58,10.82,36.47
5.45,71.43,10.33,10.67,36.47
5.46,65.88,12.57,10.47,36.56
5.47,73.47,9.41,10.69,36.44
5.48,69.42,10.31,10.04,36.44
5.49,68.16,10.76,10.50,36.54
5.50,70.53,11.00,10.56,36.64
5.51,68.55,10.47,10.68,36.60
5.52,70.96,12.18,9.20,36.56
5.53,69.38,11.06,10.67,36.54
5.54,70.91,12.66,11.11,36.44
5.55,72.86,9.60,11.11,36.31
5.56,66.44,10.86,11.19,36.65
5.57,69.90,11.36,12.17,36.46
5.58,69.97,11.78,11.73,36.42
5.59,68.49,10.41,12.03,36.64
5.60,68.21,9.08,12.99,36.48
5.61,68.84,10.37,11.99,36.55
5.62,71.85,10.02,12.41,36.48
5.63,74.75,10.93,14.67,36.32
5.64,73.30,11.29,13.76,36.62
5.65,73.50,12.01,15.38,36.31
5.66,69.83,12.33,15.42,36.51
5.67,69.37,11.82,16.12,36.56
5.68,72.17,10.55,16.59,36.44
5.69,66.24,10.50,16.13,36.66
5.70,73.72,12.70,16.94,36.51
5.71,74.59,11.35,17.87,36.52
5.72,65.61,11.22,18.50,36.46
5.73,68.14,9.59,18.42,36.41
5.74,72.55,12.07,19.61,36.64
5.75,71.89,9.29,19.82,36.55
5.76,70.35,9.45,19.38,36.33
5.77,68.24,9.56,19.63,36.49
5.78,68.65,12.01,19.73,36.32
5.79,68.52,10.76,18.98,36.51
5.80,67.64,10.73,20.16,36.39
5.81,65.79,10.22,20.67,36.67
5.82,69.46,10.73,20.01,36.41
5.83,74.31,10.46,20.04,36.38
5.84,71.85,11.75,19.31,36.30
5.85,73.57,11.69,20.38,36.39
5.86,71.44,12.72,19.74,36.54
5.87,65.49,11.27,19.30,36.67
5.88,73.46,9.45,18.07,36.49
5.89,66.00,9.41,18.75,36.43
5.90,71.31,12.61,18.90,36.59
5.91,74.95,11.66,18.52,36.52
5.92,67.72,12.46,18.03,36.41
5.93,68.71,10.70,16.30,36.64
5.94,68.74,10.27,16.23,36.52
5.95,70.81,11.88,16.60,36.64
5.96,70.71,10.98,15.29,36.38
5.97,71.43,9.52,14.48,36.40
5.98,74.94,11.09,14.38,36.66
5.99,66.10,12.94,14.80,36.49
6.00,90.25,10.65,13.62,36.40
6.01,94.72,9.52,13.22,36.60
6.02,92.55,10.16,11.75,36.31
6.03,85.90,12.72,11.25,36.60
6.04,89.85,11.06,12.22,36.37
6.05,66.24,9.13,11.73,36.30
6.06,67.83,9.67,11.82,36.43
6.07,69.74,10.75,10.54,36.32
6.08,73.54,11.72,9.81,36.34
6.09,68.29,10.13,10.05,36.69
6.10,69.05,12.94,9.20,36.30
6.11,70.33,9.35,10.96,36.65
6.12,71.66,12.64,10.12,36.64
6.13,67.40,11.54,10.33,36.52
6.14,65.36,9.77,10.99,36.62
6.15,69.12,12.73,9.86,36.48
6.16,71.49,12.99,11.10,36.55
6.17,69.57,12.40,10.82,36.60
6.18,71.13,12.47,11.62,36.45
6.19,71.68,12.88,11.02,36.47
6.20,69.08,10.11,11.91,36.52
6.21,73.71,12.28,12.65,36.64
6.22,74.59,12.35,11.19,36.55
6.23,68.90,12.64,11.72,36.41
6.24,67.33,11.53,12.34,36.53
6.25,73.44,12.91,13.61,36.57
6.26,67.00,9.63,14.36,36.41
6.27,74.99,9.94,14.99,36.59
6.28,70.39,10.86,14.59,36.66
6.29,73.00,12.39,16.09,36.53
6.30,68.05,9.93,16.52,36.59
6.31,74.74,10.48,17.19,36.48
6.32,67.53,10.18,17.28,36.55
6.33,71.94,10.26,17.33,36.40
6.34,70.42,9.79,17.15,36.57
6.35,70.43,11.22,18.12,36.31
6.36,66.59,10.86,19.47,36.44
6.37,68.84,11.45,19.80,36.56
6.38,71.11,12.14,19.95,36.47
6.39,71.59,10.53,20.10,36.31
6.40,74.94,11.10,20.50,36.35
6.41,71.18,10.62,20.33,36.48
6.42,69.83,12.44,19.39,36.47
6.43,72.73,12.63,19.65,36.50
6.44,72.21,9.52,20.20,36.64
6.45,67.77,11.21,19.49,36.45
6.46,68.58,12.44,20.22,36.30
6.47,65.55,9.57,19.87,36.39
6.48,68.60,9.14,18.70,36.60
6.49,69.08,11.30,18.46,36.58
6.50,68.25,9.95,19.17,36.56
6.51,73.82,11.75,18.60,36.59
6.52,66.21,9.64,19.18,36.36
6.53,65.06,9.53,17.46,36.47
6.54,74.09,11.27,16.87,36.44
6.55,68.69,11.56,16.87,36.32
6.56,66.88,12.00,16.80,36.42
6.57,65.78,12.18,17.00,36.61
6.58,71.20,12.63,15.65,36.60
6.59,73.97,11.59,16.18,36.61
6.60,86.34,11.77,15.11,36.42
6.61,91.17,10.54,13.45,36.69
6.62,85.59,12.85,14.35,36.57
6.63,91.77,10.20,13.99,36.35
6.64,86.85,9.76,12.05,36.63
6.65,67.14,10.83,12.11,36.40
6.66,69.93,12.34,11.97,36.51
6.67,72.07,12.11,11.74,36.44
6.68,68.55,11.44,10.57,36.44
6.69,67.60,10.47,10.54,36.70
6.70,66.24,9.29,10.65,36.46
6.71,65.65,12.57,10.64,36.61
6.72,67.38,9.25,10.12,36.68
6.73,67.45,9.28,10.86,36.39
6.74,74.46,9.46,10.69,36.34
6.75,72.10,9.29,9.48,36.66
6.76,74.70,9.49,10.09,36.48
6.77,68.69,11.13,10.14,36.57
6.78,67.85,10.17,10.07,36.46
6.79,67.99,9.77,11.06,36.34
6.80,68.71,11.64,10.70,36.65
6.81,68.41,11.24,11.31,36.55
6.82,66.80,12.22,10.49,36.50
6.83,74.60,9.53,12.08,36.42
6.84,72.91,11.61,11.22,36.47
6.85,70.38,12.67,12.04,36.66
6.86,72.26,12.11,12.20,36.68
6.87,72.14,9.11,13.71,36.36
6.88,69.25,11.40,14.34,36.64
6.89,68.60,11.32,12.99,36.62
6.90,67.06,12.92,15.15,36.43
6.91,65.02,12.70,14.13,36.38
6.92,68.68,10.09,15.76,36.61
6.93,73.28,10.44,16.20,36.42
6.94,68.65,11.31,17.30,36.69
6.95,69.50,12.83,17.11,36.45
6.96,66.77,10.26,17.90,36.35
6.97,73.02,9.19,18.18,36.33
6.98,65.51,10.70,18.34,36.37
6.99,68.55,11.97,19.11,36.63
7.00,73.52,10.18,18.88,36.61
7.01,67.13,9.87,18.74,36.38
7.02,73.05,11.86,19.41,36.60
7.03,67.71,12.17,19.51,36.61
7.04,69.76,11.62,19.79,36.45
7.05,65.06,9.64,19.92,36.34
7.06,68.38,12.39,19.14,36.51
7.07,65.64,12.82,20.53,36.64
7.08,72.31,10.39,20.45,36.59
7.09,69.31,10.04,19.43,36.39
7.10,72.07,9.55,20.53,36.33
7.11,69.84,12.58,19.41,36.38
7.12,65.73,9.45,19.74,36.41
7.13,65.32,12.87,18.19,36.49
7.14,67.28,12.00,17.87,36.31
7.15,68.77,10.35,18.14,36.58
7.16,65.96,12.42,18.88,36.52
7.17,73.34,10.12,18.00,36.44
7.18,70.23,10.03,16.86,36.64
7.19,71.85,9.92,16.65,36.37
7.20,94.10,10.30,16.48,36.62
7.21,92.14,9.94,16.22,36.65
7.22,88.13,11.70,14.58,36.34
7.23,93.25,9.23,15.32,36.42
7.24,93.34,10.62,13.39,36.64
7.25,72.21,10.18,13.67,36.39
7.26,65.25,9.50,13.52,36.67
7.27,70.58,9.41,12.48,36.30
7.28,69.79,10.52,12.43,36.54
7.29,69.22,11.01,11.45,36.61
7.30,69.77,12.71,10.85,36.42
7.31,74.17,12.98,10.31,36.36
7.32,67.91,10.05,11.18,36.52
7.33,72.18,11.40,10.88,36.42
7.34,69.92,11.28,9.74,36.45
7.35,74.16,9.60,9.75,36.58
7.36,65.90,12.95,10.26,36.33
7.37,66.83,12.09,9.72,36.37
7.38,73.53,9.47,9.61,36.59
7.39,71.07,11.98,9.79,36.44
7.40,71.20,10.61,10.86,36.34
7.41,65.96,9.71,9.77,36.46
7.42,72.99,10.76,11.00,36.58
7.43,66.84,9.87,11.12,36.58
7.44,67.85,12.26,10.90,36.39
7.45,67.88,10.60,11.44,36.44
7.46,74.30,11.76,10.61,36.36
7.47,67.79,12.10,11.41,36.52
7.48,67.46,9.27,12.71,36.68
7.49,72.16,9.47,12.64,36.43
7.50,67.49,11.11,13.25,36.58
7.51,69.12,9.74,13.20,36.47
7.52,74.51,9.91,13.94,36.51
7.53,72.53,12.04,14.54,36.34
7.54,71.61,12.92,15.98,36.43
7.55,73.10,11.47,15.94,36.40
7.56,70.47,9.16,16.26,36.56
7.57,70.66,11.14,15.96,36.46
7.58,69.06,12.76,17.38,36.64
7.59,66.04,12.50,17.98,36.31
7.60,74.75,9.74,18.28,36.54
7.61,73.18,11.49,19.15,36.34
7.62,74.63,11.85,17.69,36.37
7.63,73.41,10.14,19.20,36.30
7.64,71.18,12.22,19.67,36.52
7.65,65.62,10.06,19.33,36.56
7.66,65.43,11.95,20.46,36.31
7.67,69.20,10.17,19.96,36.39
7.68,69.50,9.65,19.44,36.36
7.69,66.12,9.33,20.25,36.54
7.70,73.71,9.71,20.89,36.52
7.71,71.99,9.75,20.41,36.39
7.72,65.12,11.40,19.82,36.47
7.73,71.47,12.31,20.23,36.57
7.74,68.12,10.88,18.83,36.53
7.75,73.96,10.90,19.32,36.49
7.76,67.71,11.14,19.76,36.68
7.77,72.19,11.98,18.46,36.65
7.78,68.59,9.21,17.96,36.69
7.79,69.35,10.30,18.68,36.70
7.80,86.56,12.12,17.51,36.33
7.81,90.24,10.49,17.55,36.44
7.82,90.91,10.52,16.35,36.33
7.83,94.44,10.78,16.50,36.61
7.84,90.34,12.15,15.39,36.48
7.85,67.45,11.77,15.51,36.65
7.86,69.91,11.27,15.07,36.39
7.87,69.19,10.28,14.23,36.63
7.88,68.36,9.51,13.68,36.51
7.89,70.42,12.04,12.85,36.56
7.90,70.68,11.93,11.79,36.31
7.91,65.58,12.94,11.78,36.52
7.92,72.00,9.58,11.35,36.69
7.93,70.16,10.72,11.75,36.40
7.94,71.43,11.55,10.30,36.53
7.95,70.10,11.90,11.40,36.53
7.96,73.02,9.86,9.78,36.58
7.97,71.98,10.01,11.19,36.49
7.98,70.87,11.12,10.98,36.63
7.99,71.62,12.59,10.30,36.48
8.00,70.90,11.32,10.46,36.37
8.01,68.11,11.31,10.32,36.59
8.02,73.56,12.64,10.20,36.53
8.03,71.72,10.22,9.22,36.35
8.04,73.31,11.84,10.10,36.60
8.05,73.78,9.88,10.34,36.41
8.06,73.44,9.52,10.56,36.55
8.07,65.58,9.30,11.21,36.45
8.08,72.28,9.36,10.22,36.51
8.09,67.46,11.51,11.67,36.55
8.10,74.31,11.65,11.75,36.51
8.11,65.36,10.34,12.67,36.50
8.12,68.12,11.09,12.20,36.36
8.13,69.45,12.45,13.70,36.31
8.14,70.66,9.38,13.44,36.66
8.15,68.49,10.80,14.79,36.38
8.16,73.08,12.13,13.91,36.33
8.17,70.81,9.59,14.94,36.41
8.18,65.31,9.44,14.65,36.48
8.19,69.04,12.07,15.53,36.67
8.20,67.23,12.04,16.84,36.35
8.21,66.27,12.28,16.36,36.33
8.22,73.55,9.07,16.64,36.59
8.23,65.42,10.17,18.07,36.59
8.24,70.22,10.15,18.65,36.66
8.25,73.12,11.87,18.41,36.35
8.26,66.39,11.30,19.31,36.48
8.27,73.24,11.27,18.66,36.40
8.28,69.92,11.46,19.41,36.38
8.29,65.57,10.87,19.80,36.51
8.30,72.89,11.92,19.70,36.38
8.31,65.34,12.22,19.03,36.68
8.32,69.94,10.02,20.41,36.65
8.33,70.17,9.07,20.04,36.56
8.34,69.72,12.62,19.48,36.67
8.35,74.14,12.32,20.43,36.33
8.36,67.78,12.28,19.23,36.34
8.37,67.31,11.92,20.03,36.54
8.38,67.74,12.57,19.31,36.48
8.39,65.24,12.22,18.86,36.61
8.40,87.53,11.83,17.90,36.44
8.41,89.93,10.11,17.46,36.50
8.42,86.70,11.00,17.28,36.58
8.43,91.49,10.07,18.23,36.70
8.44,87.19,10.34,16.56,36.36
8.45,65.18,10.64,17.52,36.41
8.46,70.09,9.19,15.56,36.31
8.47,65.82,10.56,15.53,36.32
8.48,66.72,9.32,15.37,36.60
8.49,70.37,11.64,14.48,36.32
8.50,67.86,12.12,13.57,36.37
8.51,70.47,11.47,13.29,36.34
8.52,69.40,12.53,14.07,36.39
8.53,67.73,12.14,12.12,36.64
8.54,65.37,9.92,12.19,36.54
8.55,73.00,11.42,11.71,36.48
8.56,67.67,9.16,10.86,36.68
8.57,74.09,9.61,11.16,36.66
8.58,71.27,9.21,11.08,36.35
8.59,66.62,11.92,10.05,36.40
8.60,72.92,10.20,10.13,36.55
8.61,66.38,10.93,10.03,36.43
8.62,69.97,11.60,10.72,36.67
8.63,71.12,9.49,9.75,36.34
8.64,73.72,11.56,9.49,36.55
8.65,73.42,12.23,10.46,36.66
8.66,69.36,9.88,9.54,36.48
8.67,70.13,11.71,9.99,36.35
8.68,71.61,10.73,9.81,36.45
8.69,67.59,11.54,10.81,36.34
8.70,68.27,10.19,10.27,36.63
8.71,68.78,10.48,11.73,36.60
8.72,73.34,9.28,12.52,36.41
8.73,73.77,9.35,11.88,36.44
8.74,71.24,9.98,11.96,36.40
8.75,68.85,11.77,11.86,36.55
8.76,69.43,11.08,12.88,36.35
8.77,69.57,10.14,14.22,36.36
8.78,73.34,12.05,15.12,36.58
8.79,66.82,12.65,13.91,36.40
8.80,70.36,12.19,15.27,36.64
8.81,72.01,9.60,15.18,36.43
8.82,66.81,9.50,16.55,36.48
8.83,66.26,11.17,17.46,36.44
8.84,67.04,9.10,18.02,36.46
8.85,73.55,12.40,18.44,36.54
8.86,74.93,11.62,18.35,36.41
8.87,74.12,11.18,18.65,36.44
8.88,67.49,12.79,17.97,36.68
8.89,69.75,10.16,18.39,36.34
8.90,69.46,10.10,19.94,36.48
8.91,70.89,10.52,19.13,36.33
8.92,66.14,11.14,18.76,36.65
8.93,71.94,11.17,18.98,36.38
8.94,72.16,9.57,20.19,36.63
8.95,66.05,12.81,19.60,36.33
8.96,72.27,12.77,19.23,36.54
8.97,68.47,9.32,19.47,36.53
8.98,73.01,9.19,19.49,36.43
8.99,68.71,10.94,19.90,36.38
9.00,94.71,11.04,19.81,36.61
9.01,90.10,12.64,19.50,36.51
9.02,88.10,11.80,19.49,36.65
9.03,93.42,9.52,18.02,36.49
9.04,93.34,11.20,18.80,36.57
9.05,70.21,10.18,17.29,36.49
9.06,69.58,9.51,17.58,36.33
9.07,67.18,11.78,17.43,36.62
9.08,73.74,12.34,16.77,36.51
9.09,70.30,11.78,16.26,36.37
9.10,68.01,12.74,16.32,36.68
9.11,67.08,9.81,15.83,36.60
9.12,65.93,11.11,14.85,36.35
9.13,68.60,12.41,14.51,36.48
9.14,65.34,10.51,13.93,36.67
9.15,67.17,11.78,13.56,36.61
9.16,71.40,11.81,12.67,36.61
9.17,68.48,9.45,11.43,36.45
9.18,67.32,10.33,12.55,36.56
9.19,74.90,12.17,12.18,36.38
9.20,65.10,10.19,10.57,36.37
9.21,65.62,11.18,9.83,36.39
9.22,71.37,11.43,10.03,36.48
9.23,71.96,10.60,10.00,36.36
9.24,74.97,12.18,9.55,36.33
9.25,69.15,12.63,9.72,36.52
9.26,73.75,9.03,10.34,36.42
9.27,74.78,12.39,9.86,36.37
9.28,73.39,11.70,9.14,36.49
9.29,71.13,9.76,10.03,36.45
9.30,65.05,9.55,9.85,36.45
9.31,70.19,11.51,10.36,36.52
9.32,71.54,12.46,10.40,36.47
9.33,73.39,12.49,10.87,36.58
9.34,65.23,12.93,12.09,36.33
9.35,68.58,11.59,11.94,36.46
9.36,70.42,9.92,11.63,36.41
9.37,66.33,11.41,11.69,36.34
9.38,65.27,10.11,13.24,36.52
9.39,74.86,12.66,13.42,36.60
9.40,70.13,9.21,14.19,36.57
9.41,74.05,12.86,14.70,36.48
9.42,68.98,9.04,13.80,36.46
9.43,68.25,12.45,14.28,36.55
9.44,66.40,12.20,16.05,36.58
9.45,73.00,9.41,16.10,36.61
9.46,70.64,10.83,17.28,36.42
9.47,68.28,12.87,16.34,36.52
9.48,68.94,11.40,17.53,36.37
9.49,71.94,10.51,17.70,36.30
9.50,65.35,11.83,19.05,36.60
9.51,65.24,9.91,18.50,36.38
9.52,65.42,12.06,19.42,36.62
9.53,66.08,10.28,18.75,36.60
9.54,67.07,12.64,20.31,36.49
9.55,71.17,9.78,19.35,36.42
9.56,70.66,11.15,20.73,36.42
9.57,68.67,12.81,19.93,36.63
9.58,71.05,10.95,20.04,36.52
9.59,73.96,10.33,19.39,36.60
9.60,89.25,11.35,19.95,36.58
9.61,93.32,10.75,20.43,36.54
9.62,88.10,9.65,19.15,36.45
9.63,86.26,10.61,18.95,36.36
9.64,90.43,9.86,18.26,36.45
9.65,72.53,10.80,18.94,36.47
9.66,69.52,12.43,19.47,36.30
9.67,73.50,11.53,18.18,36.48
9.68,70.24,9.88,17.56,36.41
9.69,71.09,12.57,17.92,36.61
9.70,70.43,11.48,17.46,36.33
9.71,68.60,9.07,16.28,36.31
9.72,71.76,10.32,16.10,36.34
9.73,72.42,12.37,14.88,36.61
9.74,65.50,9.39,15.55,36.67
9.75,72.95,11.21,13.91,36.67
9.76,74.93,11.34,13.33,36.48
9.77,66.29,12.60,12.56,36.63
9.78,74.15,12.21,13.39,36.50
9.79,71.31,10.03,11.89,36.55
9.80,74.99,11.58,11.81,36.47
9.81,68.79,12.00,11.91,36.60
9.82,71.55,9.87,11.04,36.62
9.83,71.62,12.47,11.73,36.49
9.84,67.73,11.08,10.26,36.39
9.85,72.30,9.05,11.14,36.34
9.86,70.92,12.28,11.09,36.31
9.87,67.32,10.96,10.87,36.50
9.88,67.19,11.44,10.58,36.49
9.89,73.98,11.80,10.69,36.46
9.90,66.01,10.53,9.09,36.70
9.91,67.21,9.33,10.26,36.34
9.92,73.74,11.47,9.60,36.68
9.93,73.67,11.28,11.03,36.36
9.94,66.84,9.51,11.44,36.69
9.95,71.42,11.47,11.56,36.39
9.96,69.86,12.09,10.62,36.47
9.97,68.32,11.29,10.63,36.59
9.98,66.99,12.24,12.66,36.57
9.99,74.59,10.55,12.69,36.31
